ticker,collection_date,optionSymbol,underlying,expiration,side,strike,firstTraded,dte,updated,bid,bidSize,mid,ask,askSize,last,openInterest,volume,inTheMoney,intrinsicValue,extrinsicValue,underlyingPrice,is_illiquid,spread,relative_spread,moneyness,moneyness_pct,moneyness_cat,phase,days_from_apr2
PG,2025-06-02,PG251017C00115000,PG,2025-10-17 20:00:00,call,115,2025-02-21 14:30:00,137,2025-06-02 20:00:00,52.35,72,53.875,55.4,77,0.0,0,0,True,52.78,1.095,167.78,False,3.049999999999997,0.05661252900232013,0.6854213851472166,-31.457861485278343,ITM,3,61
PG,2025-06-02,PG251017C00120000,PG,2025-10-17 20:00:00,call,120,2025-02-21 14:30:00,137,2025-06-02 20:00:00,47.7,73,49.175,50.65,78,0.0,0,0,True,47.78,1.395,167.78,False,2.9499999999999957,0.05998983223182503,0.715222314936226,-28.477768506377398,ITM,3,61
PG,2025-06-02,PG251017C00125000,PG,2025-10-17 20:00:00,call,125,2025-02-21 14:30:00,137,2025-06-02 20:00:00,43.45,77,44.525,45.6,77,36.2,1,0,True,42.78,1.745,167.78,False,2.1499999999999986,0.04828747894441322,0.7450232447252354,-25.49767552747646,ITM,3,61
PG,2025-06-02,PG251017C00130000,PG,2025-10-17 20:00:00,call,130,2025-02-21 14:30:00,137,2025-06-02 20:00:00,38.55,103,39.3,40.05,9,37.7,25,0,True,37.78,1.52,167.78,False,1.5,0.03816793893129771,0.7748241745142448,-22.517582548575515,ITM,3,61
PG,2025-06-02,PG251017C00135000,PG,2025-10-17 20:00:00,call,135,2025-02-21 14:30:00,137,2025-06-02 20:00:00,34.65,61,35.0,35.35,10,30.3,4,0,True,32.78,2.22,167.78,False,0.7000000000000028,0.02000000000000008,0.8046251043032543,-19.537489569674573,ITM,3,61
PG,2025-06-02,PG251017C00140000,PG,2025-10-17 20:00:00,call,140,2025-02-21 14:30:00,137,2025-06-02 20:00:00,30.05,60,30.35,30.65,5,22.75,25,0,True,27.78,2.57,167.78,False,0.5999999999999979,0.019769357495881313,0.8344260340922637,-16.55739659077363,ITM,3,61
PG,2025-06-02,PG251017C00145000,PG,2025-10-17 20:00:00,call,145,2025-02-21 14:30:00,137,2025-06-02 20:00:00,25.4,280,26.225,27.05,314,24.5,122,0,True,22.78,3.445,167.78,False,1.6500000000000021,0.0629170638703528,0.8642269638812731,-13.57730361187269,ITM,3,61
PG,2025-06-02,PG251017C00150000,PG,2025-10-17 20:00:00,call,150,2025-02-21 14:30:00,137,2025-06-02 20:00:00,21.4,12,21.6,21.8,11,20.05,167,0,True,17.78,3.82,167.78,False,0.40000000000000213,0.018518518518518615,0.8940278936702825,-10.59721063297175,ITM,3,61
PG,2025-06-02,PG251017C00155000,PG,2025-10-17 20:00:00,call,155,2025-02-21 14:30:00,137,2025-06-02 20:00:00,17.35,13,18.0,18.65,257,17.1,74,3,True,12.78,5.22,167.78,False,1.2999999999999972,0.07222222222222206,0.923828823459292,-7.6171176540708085,ITM,3,61
PG,2025-06-02,PG251017C00160000,PG,2025-10-17 20:00:00,call,160,2025-02-21 14:30:00,137,2025-06-02 20:00:00,13.65,17,13.85,14.05,14,13.58,1010,1,True,7.78,6.07,167.78,False,0.40000000000000036,0.028880866425992805,0.9536297532483013,-4.637024675169866,ITM,3,61
PG,2025-06-02,PG251017C00165000,PG,2025-10-17 20:00:00,call,165,2025-02-21 14:30:00,137,2025-06-02 20:00:00,10.35,18,10.5,10.65,9,9.9,777,15,True,2.78,7.72,167.78,False,0.3000000000000007,0.02857142857142864,0.9834306830373107,-1.6569316962689242,ATM,3,61
PG,2025-06-02,PG251017C00170000,PG,2025-10-17 20:00:00,call,170,2025-02-21 14:30:00,137,2025-06-02 20:00:00,7.5,17,7.625,7.75,34,7.2,1423,29,False,0.0,7.625,167.78,False,0.25,0.03278688524590164,1.0132316128263201,1.3231612826320174,ATM,3,61
PG,2025-06-02,PG251017C00175000,PG,2025-10-17 20:00:00,call,175,2025-02-21 14:30:00,137,2025-06-02 20:00:00,5.15,16,5.25,5.35,5,5.15,628,23,False,0.0,5.25,167.78,False,0.1999999999999993,0.03809523809523796,1.0430325426153295,4.30325426153296,OTM,3,61
PG,2025-06-02,PG251017C00180000,PG,2025-10-17 20:00:00,call,180,2025-02-21 14:30:00,137,2025-06-02 20:00:00,3.3,33,3.4,3.5,17,3.25,867,59,False,0.0,3.4,167.78,False,0.20000000000000018,0.05882352941176476,1.072833472404339,7.2833472404339,OTM,3,61
PG,2025-06-02,PG251017C00185000,PG,2025-10-17 20:00:00,call,185,2025-02-21 14:30:00,137,2025-06-02 20:00:00,2.01,31,2.11,2.21,20,2.15,851,8,False,0.0,2.11,167.78,False,0.20000000000000018,0.09478672985782,1.1026344021933485,10.263440219334843,OTM,3,61
PG,2025-06-02,PG251017C00190000,PG,2025-10-17 20:00:00,call,190,2025-02-21 14:30:00,137,2025-06-02 20:00:00,1.05,467,1.2,1.35,14,1.15,923,19,False,0.0,1.2,167.78,False,0.30000000000000004,0.25000000000000006,1.132435331982358,13.243533198235784,OTM,3,61
PG,2025-06-02,PG251017C00195000,PG,2025-10-17 20:00:00,call,195,2025-02-21 14:30:00,137,2025-06-02 20:00:00,0.65,11,0.775,0.9,19,0.81,440,2,False,0.0,0.775,167.78,False,0.25,0.3225806451612903,1.1622362617713673,16.223626177136726,OTM,3,61
PG,2025-06-02,PG251017C00200000,PG,2025-10-17 20:00:00,call,200,2025-02-21 14:30:00,137,2025-06-02 20:00:00,0.32,12,0.435,0.55,11,0.46,268,0,False,0.0,0.435,167.78,False,0.23000000000000004,0.5287356321839082,1.1920371915603767,19.203719156037668,OTM,3,61
PG,2025-06-02,PG251017C00210000,PG,2025-10-17 20:00:00,call,210,2025-02-21 14:30:00,137,2025-06-02 20:00:00,0.03,418,0.265,0.5,572,0.2,146,0,False,0.0,0.265,167.78,False,0.47,1.7735849056603772,1.2516390511383955,25.16390511383955,OTM,3,61
PG,2025-06-02,PG251017C00220000,PG,2025-10-17 20:00:00,call,220,2025-02-21 14:30:00,137,2025-06-02 20:00:00,0.0,0,0.245,0.49,553,0.11,1,0,False,0.0,0.245,167.78,True,0.49,2.0,1.3112409107164142,31.124091071641434,OTM,3,61
PG,2025-06-02,PG251017P00115000,PG,2025-10-17 20:00:00,put,115,2025-02-21 14:30:00,137,2025-06-02 20:00:00,0.1,123,0.985,1.87,283,0.89,51,0,False,0.0,0.985,167.78,False,1.77,1.7969543147208122,0.6854213851472166,-31.457861485278343,OTM,3,61
PG,2025-06-02,PG251017P00120000,PG,2025-10-17 20:00:00,put,120,2025-02-21 14:30:00,137,2025-06-02 20:00:00,0.18,117,1.055,1.93,216,0.5,28,0,False,0.0,1.055,167.78,False,1.75,1.6587677725118484,0.715222314936226,-28.477768506377398,OTM,3,61
PG,2025-06-02,PG251017P00125000,PG,2025-10-17 20:00:00,put,125,2025-02-21 14:30:00,137,2025-06-02 20:00:00,0.37,105,0.915,1.46,235,0.73,76,0,False,0.0,0.915,167.78,False,1.0899999999999999,1.1912568306010927,0.7450232447252354,-25.49767552747646,OTM,3,61
PG,2025-06-02,PG251017P00130000,PG,2025-10-17 20:00:00,put,130,2025-02-21 14:30:00,137,2025-06-02 20:00:00,0.62,8,0.805,0.99,27,0.82,1346,0,False,0.0,0.805,167.78,False,0.37,0.45962732919254656,0.7748241745142448,-22.517582548575515,OTM,3,61
PG,2025-06-02,PG251017P00135000,PG,2025-10-17 20:00:00,put,135,2025-02-21 14:30:00,137,2025-06-02 20:00:00,0.92,6,1.055,1.19,23,1.06,172,0,False,0.0,1.055,167.78,False,0.2699999999999999,0.25592417061611367,0.8046251043032543,-19.537489569674573,OTM,3,61
PG,2025-06-02,PG251017P00140000,PG,2025-10-17 20:00:00,put,140,2025-02-21 14:30:00,137,2025-06-02 20:00:00,1.2,18,1.285,1.37,25,1.29,642,23,False,0.0,1.285,167.78,False,0.17000000000000015,0.1322957198443581,0.8344260340922637,-16.55739659077363,OTM,3,61
PG,2025-06-02,PG251017P00145000,PG,2025-10-17 20:00:00,put,145,2025-02-21 14:30:00,137,2025-06-02 20:00:00,1.64,24,1.76,1.88,13,1.61,871,0,False,0.0,1.76,167.78,False,0.24,0.13636363636363635,0.8642269638812731,-13.57730361187269,OTM,3,61
PG,2025-06-02,PG251017P00150000,PG,2025-10-17 20:00:00,put,150,2025-02-21 14:30:00,137,2025-06-02 20:00:00,2.06,333,2.38,2.7,167,2.58,1114,17,False,0.0,2.38,167.78,False,0.6400000000000001,0.26890756302521013,0.8940278936702825,-10.59721063297175,OTM,3,61
PG,2025-06-02,PG251017P00155000,PG,2025-10-17 20:00:00,put,155,2025-02-21 14:30:00,137,2025-06-02 20:00:00,2.97,127,3.135,3.3,1,3.5,1214,39,False,0.0,3.135,167.78,False,0.3299999999999996,0.10526315789473673,0.923828823459292,-7.6171176540708085,OTM,3,61
PG,2025-06-02,PG251017P00160000,PG,2025-10-17 20:00:00,put,160,2025-02-21 14:30:00,137,2025-06-02 20:00:00,4.3,46,4.45,4.6,14,4.62,554,79,False,0.0,4.45,167.78,False,0.2999999999999998,0.06741573033707861,0.9536297532483013,-4.637024675169866,OTM,3,61
PG,2025-06-02,PG251017P00165000,PG,2025-10-17 20:00:00,put,165,2025-02-21 14:30:00,137,2025-06-02 20:00:00,5.25,273,5.75,6.25,16,6.15,779,17,False,0.0,5.75,167.78,False,1.0,0.17391304347826086,0.9834306830373107,-1.6569316962689242,ATM,3,61
PG,2025-06-02,PG251017P00170000,PG,2025-10-17 20:00:00,put,170,2025-02-21 14:30:00,137,2025-06-02 20:00:00,7.95,72,8.175,8.4,10,8.2,191,8,True,2.22,5.955,167.78,False,0.4500000000000002,0.055045871559633044,1.0132316128263201,1.3231612826320174,ATM,3,61
PG,2025-06-02,PG251017P00175000,PG,2025-10-17 20:00:00,put,175,2025-02-21 14:30:00,137,2025-06-02 20:00:00,10.75,18,10.975,11.2,21,12.45,304,0,True,7.22,3.755,167.78,False,0.4499999999999993,0.041002277904327956,1.0430325426153295,4.30325426153296,ITM,3,61
PG,2025-06-02,PG251017P00180000,PG,2025-10-17 20:00:00,put,180,2025-02-21 14:30:00,137,2025-06-02 20:00:00,13.05,414,14.025,15.0,277,14.81,46,0,True,12.22,1.805,167.78,False,1.9499999999999993,0.13903743315508016,1.072833472404339,7.2833472404339,ITM,3,61
PG,2025-06-02,PG251017P00185000,PG,2025-10-17 20:00:00,put,185,2025-02-21 14:30:00,137,2025-06-02 20:00:00,17.0,212,17.75,18.5,23,20.06,4,0,True,17.22,0.53,167.78,False,1.5,0.08450704225352113,1.1026344021933485,10.263440219334843,ITM,3,61
PG,2025-06-02,PG251017P00190000,PG,2025-10-17 20:00:00,put,190,2025-02-21 14:30:00,137,2025-06-02 20:00:00,22.2,10,22.6,23.0,72,21.75,0,0,True,22.22,0.38,167.78,False,0.8000000000000007,0.0353982300884956,1.132435331982358,13.243533198235784,ITM,3,61
PG,2025-06-02,PG251017P00195000,PG,2025-10-17 20:00:00,put,195,2025-02-21 14:30:00,137,2025-06-02 20:00:00,26.3,77,27.5,28.7,77,20.2,0,0,True,27.22,0.28,167.78,False,2.3999999999999986,0.08727272727272722,1.1622362617713673,16.223626177136726,ITM,3,61
PG,2025-06-02,PG251017P00200000,PG,2025-10-17 20:00:00,put,200,2025-02-21 14:30:00,137,2025-06-02 20:00:00,30.9,77,32.5,34.1,72,0.0,0,0,True,32.22,0.28,167.78,False,3.200000000000003,0.09846153846153854,1.1920371915603767,19.203719156037668,ITM,3,61
PG,2025-06-02,PG251017P00210000,PG,2025-10-17 20:00:00,put,210,2025-02-21 14:30:00,137,2025-06-02 20:00:00,41.1,71,42.575,44.05,71,0.0,0,0,True,42.22,0.355,167.78,False,2.9499999999999957,0.06928948913681728,1.2516390511383955,25.16390511383955,ITM,3,61
PG,2025-06-02,PG251017P00220000,PG,2025-10-17 20:00:00,put,220,2025-02-21 14:30:00,137,2025-06-02 20:00:00,50.55,71,52.4,54.25,71,0.0,0,0,True,52.22,0.18,167.78,False,3.700000000000003,0.07061068702290083,1.3112409107164142,31.124091071641434,ITM,3,61
